{
  "format_version": "1.12.0",
  "minecraft:geometry": [
    {
      "description": {
        "identifier": "geometry.atm_cupboard",
        "texture_width": 256,
        "texture_height": 256,
        "visible_bounds_width": 3,
        "visible_bounds_height": 5,
        "visible_bounds_offset": [
          0,
          1.5,
          0
        ]
      },
      "bones": [
        {
          "name": "bb_main",
          "cubes": [
            {
              "origin": [
                -14.0,
                0.0,
                -9.0
              ],
              "size": [
                28.0,
                13.0,
                1.0
              ],
              "uv": [
                0,
                68
              ],
              "inflate": 0
            },
            {
              "origin": [
                -14.0,
                0.0,
                8.0
              ],
              "size": [
                28.0,
                47.0,
                1.0
              ],
              "uv": [
                0,
                0
              ],
              "inflate": 0
            },
            {
              "origin": [
                -14.0,
                0.0,
                -8.0
              ],
              "size": [
                1.0,
                13.0,
                16.0
              ],
              "uv": [
                27,
                96
              ],
              "inflate": 0
            },
            {
              "origin": [
                13.0,
                0.0,
                -8.0
              ],
              "size": [
                1.0,
                13.0,
                16.0
              ],
              "uv": [
                86,
                78
              ],
              "inflate": 0
            },
            {
              "origin": [
                -13.0,
                46.0,
                -7.0
              ],
              "size": [
                26.0,
                1.0,
                15.0
              ],
              "uv": [
                0,
                51
              ],
              "inflate": 0
            },
            {
              "origin": [
                -15.0,
                13.0,
                -10.0
              ],
              "size": [
                30.0,
                4.0,
                1.0
              ],
              "uv": [
                59,
                25
              ],
              "inflate": 0
            },
            {
              "origin": [
                14.0,
                13.0,
                -9.0
              ],
              "size": [
                1.0,
                4.0,
                18.0
              ],
              "uv": [
                68,
                108
              ],
              "inflate": 0
            },
            {
              "origin": [
                -15.0,
                13.0,
                -9.0
              ],
              "size": [
                1.0,
                4.0,
                18.0
              ],
              "uv": [
                103,
                90
              ],
              "inflate": 0
            },
            {
              "origin": [
                -14.0,
                16.0,
                -9.0
              ],
              "size": [
                28.0,
                1.0,
                5.0
              ],
              "uv": [
                59,
                18
              ],
              "inflate": 0
            },
            {
              "origin": [
                -14.0,
                16.0,
                -4.0
              ],
              "size": [
                1.0,
                31.0,
                12.0
              ],
              "uv": [
                0,
                83
              ],
              "inflate": 0
            },
            {
              "origin": [
                13.0,
                16.0,
                -4.0
              ],
              "size": [
                1.0,
                31.0,
                12.0
              ],
              "uv": [
                59,
                68
              ],
              "inflate": 0
            },
            {
              "origin": [
                -13.0,
                0.0,
                -8.0
              ],
              "size": [
                26.0,
                1.0,
                16.0
              ],
              "uv": [
                43,
                33
              ],
              "inflate": 0
            },
            {
              "origin": [
                -13.0,
                17.0,
                -4.0
              ],
              "size": [
                5.0,
                19.0,
                1.0
              ],
              "uv": [
                46,
                83
              ],
              "inflate": 0
            },
            {
              "origin": [
                8.0,
                17.0,
                -4.0
              ],
              "size": [
                5.0,
                19.0,
                1.0
              ],
              "uv": [
                27,
                83
              ],
              "inflate": 0
            },
            {
              "origin": [
                13.0,
                39.0,
                -8.0
              ],
              "size": [
                1.0,
                8.0,
                4.0
              ],
              "uv": [
                59,
                0
              ],
              "inflate": 0
            },
            {
              "origin": [
                -14.0,
                39.0,
                -8.0
              ],
              "size": [
                1.0,
                8.0,
                4.0
              ],
              "uv": [
                0,
                49
              ],
              "inflate": 0
            },
            {
              "origin": [
                -13.0,
                39.0,
                -8.0
              ],
              "size": [
                26.0,
                8.0,
                1.0
              ],
              "uv": [
                74,
                68
              ],
              "inflate": 0
            },
            {
              "origin": [
                -14.0,
                24.0,
                24.5
              ],
              "size": [
                28.0,
                6.5,
                3.0
              ],
              "pivot": [
                0.0,
                0.0,
                -1.0
              ],
              "rotation": [
                50.0,
                0.0,
                0.0
              ],
              "uv": [
                68,
                51
              ],
              "inflate": 0
            },
            {
              "origin": [
                -9.0,
                17.0,
                -3.0
              ],
              "size": [
                1.0,
                19.0,
                11.0
              ],
              "uv": [
                51,
                120
              ],
              "inflate": 0
            },
            {
              "origin": [
                8.0,
                17.0,
                -3.0
              ],
              "size": [
                1.0,
                19.0,
                11.0
              ],
              "uv": [
                107,
                113
              ],
              "inflate": 0
            },
            {
              "origin": [
                -8.0,
                11.5,
                24.5
              ],
              "size": [
                16.0,
                12.5,
                3.0
              ],
              "pivot": [
                0.0,
                0.0,
                -1.0
              ],
              "rotation": [
                50.0,
                0.0,
                0.0
              ],
              "uv": [
                108,
                0
              ],
              "inflate": 0
            },
            {
              "origin": [
                -8.0,
                9.0,
                11.0
              ],
              "size": [
                16.0,
                1.0,
                16.0
              ],
              "pivot": [
                0.0,
                0.0,
                -1.0
              ],
              "rotation": [
                62.5,
                0.0,
                0.0
              ],
              "uv": [
                59,
                0
              ],
              "inflate": 0
            }
          ]
        }
      ]
    }
  ]
}