{
	"format_version": "1.8.0",
	"geometry.big_table": {
		"texturewidth": 64,
		"textureheight": 64,
		"visible_bounds_width": 3,
		"visible_bounds_height": 2,
		"visible_bounds_offset": [0, 1, 0],
		"bones": [
			{
				"name": "body",
				"pivot": [0, 24, 0],
				"cubes": [
					{"origin": [-8, 16, -16], "size": [16, 2, 16], "uv": [16, 0]},
					{"origin": [-8, 16, -17], "size": [16, 2, 1], "uv": [0, 2]},
					{"origin": [-8, 16, -18], "size": [16, 2, 1], "uv": [16, 0]},
					{"origin": [8, 16, -16], "size": [16, 2, 16], "uv": [16, 0]},
					{"origin": [8, 16, -17], "size": [16, 2, 1], "uv": [0, 2]},
					{"origin": [24, 16, -16], "size": [1, 2, 16], "uv": [16, 0]},
					{"origin": [8, 16, -18], "size": [15, 2, 1], "uv": [16, 0]},
					{"origin": [25, 16, -15], "size": [1, 2, 15], "uv": [9, 0]},
					{"origin": [8, 16, 0], "size": [16, 2, 16], "uv": [16, 0]},
					{"origin": [24, 16, 0], "size": [1, 2, 16], "uv": [16, 0]},
					{"origin": [8, 16, 16], "size": [16, 2, 1], "uv": [18, 4]},
					{"origin": [8, 16, 17], "size": [15, 2, 1], "uv": [16, 0]},
					{"origin": [25, 16, 0], "size": [1, 2, 15], "uv": [9, 0]},
					{"origin": [-8, 16, 0], "size": [16, 2, 16], "uv": [16, 0]},
					{"origin": [-8, 16, 16], "size": [16, 2, 1], "uv": [18, 4]},
					{"origin": [-8, 16, 17], "size": [16, 2, 1], "uv": [16, 0]},
					{"origin": [-24, 16, 0], "size": [16, 2, 16], "uv": [16, 0]},
					{"origin": [-25, 16, 0], "size": [1, 2, 16], "uv": [22, 3]},
					{"origin": [-24, 16, 16], "size": [16, 2, 1], "uv": [18, 4]},
					{"origin": [-26, 16, 0], "size": [1, 2, 15], "uv": [9, 0]},
					{"origin": [-23, 16, 17], "size": [15, 2, 1], "uv": [16, 0]},
					{"origin": [-24, 16, -16], "size": [16, 2, 16], "uv": [16, 0]},
					{"origin": [-24, 16, -17], "size": [16, 2, 1], "uv": [0, 2]},
					{"origin": [-25, 16, -16], "size": [1, 2, 16], "uv": [22, 3]},
					{"origin": [-26, 16, -15], "size": [1, 2, 15], "uv": [9, 0]},
					{"origin": [-23, 16, -18], "size": [15, 2, 1], "uv": [16, 0]},
					{"origin": [20, 0, -14], "size": [3, 16, 3], "uv": [0, 0]},
					{"origin": [20, 0, 11], "size": [3, 16, 3], "uv": [0, 0]},
					{"origin": [-22, 0, -14], "size": [3, 16, 3], "uv": [0, 0]},
					{"origin": [-22, 0, 11], "size": [3, 16, 3], "uv": [0, 0]}
				]
			}
		]
	}
}