{
  "format_version": "1.10.0",
  "minecraft:entity": {
    "description": {
      "identifier": "atm:cupboard",
      "is_spawnable": true,
      "is_summonable": true,
      "is_experimental": false
    },
    "component_groups": {
      "minecraft:shulker_magenta": {
        "minecraft:variant": {
          "value": 13
        }
      }
    },
    "components": {
      "minecraft:type_family": {
        "family": [
          "furnicraft",
          "player"
        ]
      },
      "minecraft:health": {
        "value": 100000,
        "max": 100000
      },
      "minecraft:movement.basic": {},
      "minecraft:movement": {
        "value": 0,
        "max": 0
      },
      "minecraft:knockback_resistance": {
        "value": 100.0,
        "max": 100.0
      },
      "minecraft:push_through": {
        "value": 1
      },
      "minecraft:fall_damage": {
        "value": 0
      },
      "minecraft:scale": {
        "value": 1
      },
      "minecraft:loot": {
        "table": "loot_tables/empty.json"
      },
      "minecraft:collision_box": {
        "height": 0.5,
        "width": 0.5
      },
      "minecraft:interact": [
        {
          "on_interact": {
            "filters": {
              "all_of": [
                {
                  "test": "has_equipment",
                  "subject": "other",
                  "domain": "hand",
                  "value": "planks:1"
                },
                {
                  "test": "is_family",
                  "subject": "other",
                  "value": "player"
                },
                {
                  "test": "has_ability",
                  "subject": "other",
                  "value": "instabuild"
                }
              ]
            },
            "event": "minecraft:turn_magenta"
          },
          "use_item": true
        }
      ],
      "minecraft:physics": {},
      "minecraft:navigation.walk": {},
      "minecraft:item_controllable": {
        "control_items": "diamond_hoe"
      },
      "minecraft:behavior.controlled_by_player": {
        "priority": 0
      },
      "minecraft:experience_reward": {
        "on_death": "query.last_hit_by_player ? 10 : 0"
      },
      "minecraft:underwater_movement": {
        "value": 0.02
      },
      "minecraft:on_death": {
        "event": "on:death",
        "target": "self"
      },
      "minecraft:on_hurt": {
        "event": "on:hurt",
        "target": "self"
      },
      "minecraft:on_hurt_by_player": {
        "event": "on:hurt_by_player",
        "target": "self"
      },
      "minecraft:on_ignite": {
        "event": "on:ignite",
        "target": "self"
      },
      "minecraft:on_target_acquired": {
        "event": "on:target_acquired",
        "target": "self"
      },
      "minecraft:on_target_escape": {
        "event": "on:target_escape",
        "target": "self"
      },
      "minecraft:on_wake_with_owner": {
        "event": "on:wake_with_owner",
        "target": "self"
      },
      "minecraft:attack": {
        "damage": 3
      }
    },
    "events": {
      "minecraft:entity_spawned": {
        "randomize": [
          {
            "weight": 6,
            "add": {
              "component_groups": [
                "minecraft:shulker_magenta"
              ]
            }
          }
        ]
      },
      "minecraft:turn_magenta": {
        "add": {
          "component_groups": [
            "minecraft:shulker_magenta"
          ]
        }
      },
      "on:death": {
        "run_command": {
          "command": []
        }
      },
      "on:hurt": {
        "run_command": {
          "command": []
        }
      },
      "on:hurt_by_player": {
        "run_command": {
          "command": []
        }
      },
      "on:ignite": {
        "run_command": {
          "command": []
        }
      },
      "on:target_acquired": {
        "run_command": {
          "command": []
        }
      },
      "on:target_escape": {
        "run_command": {
          "command": []
        }
      },
      "on:wake_with_owner": {
        "run_command": {
          "command": []
        }
      }
    }
  }
}