{
  "format_version": "1.8.0",
  "minecraft:client_entity": {
    "description": {
      "identifier": "atm:cupboard",
      "materials": {
        "default": "televisor"
      },
      "textures": {
        "magenta": "textures/entity/pamobile/atm_cupboard"
      },
      "geometry": {
        "default": "geometry.atm_cupboard"
      },
      "render_controllers": [
        "controller.render.shulker"
      ],
      "spawn_egg": {
        "texture": "atm:cupboard",
        "texture_index": 0
      }
    }
  }
}